Model,Accuracy
XGBoost,0.9920634920634921
MLPClassifier,0.9365079365079365
